UserID,Name,Gender,DOB,Interests,City,Country
00001,Jesse Lawhorn,Female,1958-10-15,"'Movies', 'Fashion', 'Fashion', 'Books'",Sibolga,Indonesia
00002,Stacy Payne,Female,2004-07-21,"'Gaming', 'Finance and investments', 'Outdoor activities', 'Travel'",Al Abyār,Libya
00003,Katrina Nicewander,Female,2000-02-07,"'DIY and crafts', 'Music', 'Science', 'Fashion'",Wādī as Sīr,Jordan
00004,Eric Yarbrough,Male,1985-04-14,"'Outdoor activities', 'Cars and automobiles'",Matera,Italy
00005,Daniel Adkins,Female,1955-09-18,"'Politics', 'History'",Biruaca,Venezuela
00006,Diane Jara,Male,1967-06-18,'Travel',Belton,United States
00007,Sheryl Morgan,Female,1969-02-09,"'Outdoor activities', 'Movies'",Haslingden,United Kingdom
00008,William Harper,Male,1965-12-30,"'Beauty', 'Nature', 'Gardening', 'Food and dining', 'DIY and crafts'",Ad-Damazin,Sudan
00009,Virginia Varron,Male,1984-08-16,"'Parenting and family', 'Photography', 'Finance and investments'",Tabuk,Saudi Arabia
00010,Charles Figueroa,Female,2003-03-08,'Gardening',Ongole,India
00011,Paul Chain,Male,1984-04-07,"'Pets', 'Photography', 'Food and dining'",Timashyovsk,Russia
00012,Christina Parker,Female,1963-08-30,"'Finance and investments', 'Health and wellness'",Roeselare,Belgium
00013,Jack Freeman,Male,1984-08-07,"'Gaming', 'Travel', 'Technology', 'Art'",Manzhouli,China
00014,Wayne Fasano,Male,1955-03-30,"'Education and learning', 'Health and wellness', 'Pets', 'Fitness', 'Music'",Quíbor,Venezuela
00015,Homer Maxwell,Male,1968-12-01,"'Art', 'Cooking', 'Cars and automobiles', 'Fashion', 'History'",Biaora,India
00016,Frank Holmes,Female,1984-01-09,"'Music', 'Pets', 'Sports'",Islāmnagar,India
00017,Donald Zeller,Male,1970-05-17,"'Music', 'DIY and crafts', 'Cars and automobiles', 'Technology', 'Cooking'",Paiçandu,Brazil
00018,Sheldon Wentz,Female,1969-05-14,"'Cars and automobiles', 'Business and entrepreneurship', 'Nature', 'History'",Greenwood Village,United States
00019,Isabel Williams,Male,1981-08-15,"'Music', 'Outdoor activities', 'Social causes and activism', 'Cooking', 'Education and learning'",Gryfice,Poland
00020,Cody Watson,Female,1986-03-07,"'Cars and automobiles', 'Music'",Date,Japan
00021,Doris Vinci,Male,2002-08-17,"'Music', 'Sports', 'Movies'",Yŏnan-ŭp,North Korea
00022,Bobby Christensen,Male,1966-05-10,"'Nature', 'Pets'",Rājpīpla,India
00023,William Richardson,Female,1964-10-31,"'Science', 'Movies'",Zhakou,China
00024,Hester Avery,Female,1982-05-01,"'Parenting and family', 'Education and learning', 'Gaming', 'Cooking'",Rumia,Poland
00025,Ruth Burns,Male,1990-10-18,"'Science', 'Movies', 'Health and wellness', 'Finance and investments', 'Books'",Magangué,Colombia
00026,William Pitman,Female,2003-06-25,'Food and dining',Sabae,Japan
00027,Darrell Prendergast,Female,1984-10-15,"'Cooking', 'Fitness'",Novozybkov,Russia
00028,Manuel Helton,Male,1989-04-29,"'Travel', 'Photography'",Welisara,Sri Lanka
00029,Rena Wild,Male,1982-08-11,"'History', 'Books', 'Photography'",Motril,Spain
00030,Marilyn Mahan,Male,1989-01-17,"'Education and learning', 'Politics'",Garanhuns,Brazil
00031,David Coleman,Female,1963-06-09,"'Health and wellness', 'Parenting and family', 'Photography'",Wassenberg,Germany
00032,Steven Hille,Male,2001-01-20,"'Photography', 'Science', 'Technology'",Char Bhadrāsan,Bangladesh
00033,Joyce Lashley,Male,1967-03-06,'Business and entrepreneurship',Korydallós,Greece
00034,Christian Kim,Female,1965-11-16,"'Finance and investments', 'Photography', 'Finance and investments', 'Movies'",Damascus,Syria
00035,Manuel Strickland,Female,1989-03-30,'History',Bedelē,Ethiopia
00036,Erica Dilks,Female,1993-04-12,'Health and wellness',Quthbullapur,India
00037,Justin Gallant,Male,2001-12-31,"'Photography', 'Outdoor activities'",Saint-Germain-en-Laye,France
00038,Christopher Martin,Male,1983-11-13,"'DIY and crafts', 'Fitness', 'Parenting and family', 'Fitness', 'DIY and crafts'",Ibeto,Nigeria
00039,Robert Ross,Male,1994-02-22,"'Music', 'History', 'Books', 'Books', 'Fashion'",Mira Taglio,Italy
00040,Laurie Mcgee,Male,1984-09-08,"'Gaming', 'Music'",Gongyi,China
00041,Carrie Bruner,Female,1978-05-01,'Travel',El Reno,United States
00042,Diana French,Female,1992-08-23,"'Travel', 'Fitness'",Coram,United States
00043,Arthur Quezada,Male,1999-03-02,"'Books', 'Gaming', 'Parenting and family', 'Nature', 'Science'",Bīsalpur,India
00044,William Putnam,Female,1959-04-04,"'Parenting and family', 'Movies', 'Cars and automobiles'",St Clair,Australia
00045,Heidi Morrow,Female,1965-10-02,"'Movies', 'Pets'",Fendou,China
00046,Teofila Harris,Female,1962-04-18,"'Nature', 'Finance and investments'",Petrogradka,Russia
00047,Crystal Summy,Male,1956-07-08,'Books',V.S.K.Valasai (Dindigul-Dist.),India
00048,Brenda Gegenheimer,Male,1984-03-18,"'Cooking', 'Art', 'Gardening', 'Social causes and activism'",Abinsk,Russia
00049,Joshua Morgan,Female,1997-12-23,'Health and wellness',Ulu Tiram,Malaysia
00050,Cynthia Avellino,Female,1984-10-13,"'Books', 'Health and wellness'",Liberec,Czechia
00051,Michael Fairbanks,Female,2003-11-22,"'Health and wellness', 'Health and wellness', 'Sports', 'Cars and automobiles'",Granite Bay,United States
00052,Audrey Hollenbeck,Male,1959-03-24,"'Science', 'Fitness', 'Beauty'",Xiamen,China
00053,James Vazquez,Female,1958-08-13,'Politics',Ciudad Lineal,Spain
00054,Carita Scott,Male,1970-09-01,"'Art', 'Photography'",Brest,France
00055,David Haden,Male,2001-12-25,"'Movies', 'Social causes and activism', 'Business and entrepreneurship'",Lubbock,United States
00056,Richard Dickson,Female,1958-05-26,"'Fashion', 'History'",Prakhon Chai,Thailand
00057,Richard Soto,Male,2002-02-20,"'Fitness', 'Beauty', 'Books'",Leduc,Canada
00058,Verda Barry,Female,1956-12-28,"'Education and learning', 'Fashion'",Oltiariq,Uzbekistan
00059,Charles Xiong,Female,1987-02-09,"'Books', 'Cooking'",Vicaria,Italy
00060,Jacqueline Watkins,Male,1959-11-18,'Books',Ra'anana,Israel
00061,Angel Barnes,Male,1971-10-15,'Business and entrepreneurship',Jhā-Jhā,India
00062,Karla Williams,Male,1984-11-06,"'Photography', 'Beauty', 'Cars and automobiles', 'Sports'",Tékane,Mauritania
00063,Dorothy Cheng,Male,1993-09-04,"'Politics', 'Parenting and family'",Sonāri,India
00064,Eric Rice,Male,1998-02-04,"'Fashion', 'Cars and automobiles'",Ahwatukee Foothills,United States
00065,Jane Blackwell,Female,1961-02-12,"'Travel', 'Cooking', 'Parenting and family', 'Movies', 'Books'",Ancaster,Canada
00066,Blanche Demby,Male,1986-07-22,"'Outdoor activities', 'Social causes and activism', 'Pets'",Las Tunas,Cuba
00067,Julie Allen,Male,1995-04-05,"'Sports', 'Nature', 'Gardening'",Mbandaka,Democratic Republic of the Congo
00068,Lori Montague,Male,1960-12-06,"'Social causes and activism', 'Education and learning'",Zagazig,Egypt
00069,David Gibson,Male,1954-10-20,"'Books', 'DIY and crafts', 'Pets', 'Science'",Lynbrook,United States
00070,Joseph Sherman,Male,1988-11-15,'Business and entrepreneurship',Ashta,India
00071,Ted Blackwell,Male,1978-08-13,"'Cars and automobiles', 'Fashion', 'Gaming'",Nanfeng,China
00072,Jared Howard,Male,1967-09-21,"'Education and learning', 'Fitness', 'Outdoor activities', 'Gardening', 'Art'",Canton,United States
00073,Charles Mccall,Female,1983-05-19,'Gardening',Yaxing,China
00074,Lawrence Johnson,Female,2001-04-18,'Technology',Trappes,France
00075,Michael Gamble,Male,1986-11-19,"'Nature', 'Gaming', 'Gardening'",Dana Point,United States
00076,Lucy Lea,Male,1974-06-03,'Sports',Bagar,India
00077,Candy Camacho,Female,1972-03-02,'Education and learning',Austin,United States
00078,David Nguyen,Female,1975-09-30,"'Cars and automobiles', 'Food and dining', 'Education and learning', 'Art', 'Finance and investments'",Feteşti,Romania
00079,Naomi Wallace,Male,1965-09-11,"'Science', 'Fashion'",Sangrūr,India
00080,Maragaret Ellis,Female,1986-09-30,'Fashion',Uryupinsk,Russia
00081,Andrew Jimenes,Female,1997-11-14,"'Education and learning', 'DIY and crafts', 'Music', 'Fitness', 'Gardening'",Putney,United Kingdom
00082,Rebekah Tiger,Male,1982-05-13,"'Music', 'Travel', 'Fitness', 'Education and learning', 'Travel'",San Nicola la Strada,Italy
00083,Henry Lebowitz,Female,1996-04-29,"'Gardening', 'Photography'",Morristown,United States
00084,Rosa Perez,Male,1973-09-02,"'Gaming', 'DIY and crafts', 'DIY and crafts', 'Cooking'",Raigarh,India
00085,John Greene,Male,1971-07-07,"'Gaming', 'Movies'",Nouméa,New Caledonia
00086,Michelle Mayhew,Female,1985-05-14,"'Art', 'Science', 'Business and entrepreneurship', 'Photography'",Maying,China
00087,David Prunty,Female,1983-04-08,"'Art', 'Beauty', 'Fashion', 'Fitness', 'Finance and investments'",Mashhad,Iran
00088,Sheryl Godfrey,Female,1983-04-07,"'Science', 'Music', 'Travel', 'Fitness'",Jais,India
00089,Juan Martinez,Male,1963-11-10,"'Finance and investments', 'Art'",Jesús María,Argentina
00090,Anna Bolton,Male,1995-07-16,'Music',Salisbury,United States
00091,Lorraine Bolt,Female,1955-09-20,'Gaming',Ketanggungan,Indonesia
00092,Karen Silkenson,Female,1961-11-18,"'Travel', 'Finance and investments', 'Travel', 'Pets'",Tanggulangin,Indonesia
00093,Valerie Webb,Female,1961-12-08,"'Fitness', 'Sports', 'Parenting and family'",Suzano,Brazil
00094,Carmen Blackburn,Male,1983-02-19,"'Cars and automobiles', 'Books'",Shibganj,Bangladesh
00095,Anna Whitfield,Female,2001-01-05,"'Movies', 'Social causes and activism', 'Outdoor activities'",Gaoliu,China
00096,Lynn Edmiston,Female,1995-12-19,"'Art', 'Health and wellness'",Chaoyang,China
00097,Nanci Sabatino,Female,2000-09-17,"'Technology', 'Movies'",Ocotlán de Morelos,Mexico
00098,Beverly Rash,Male,1999-02-17,"'Gardening', 'Finance and investments', 'Outdoor activities'",Tietê,Brazil
00099,Felecia Windham,Male,1992-11-27,"'Gardening', 'Gardening'",Szeged,Hungary
00100,Connie Turner,Female,1978-02-24,"'Movies', 'Music', 'Business and entrepreneurship', 'Food and dining'",Pastavy,Belarus
00101,Arthur Pranger,Female,1970-10-01,"'Music', 'Health and wellness'",Saint-Paul,Reunion
00102,William Seidman,Female,2000-01-30,"'Books', 'Technology', 'Gaming', 'Education and learning', 'Business and entrepreneurship'",Bedford Park-Nortown,Canada
00103,Thomas Montgomery,Male,1999-02-06,"'Nature', 'Gaming', 'Food and dining', 'Pets', 'Technology'",Chhāpar,India
00104,Ericka Griffis,Female,1980-06-19,'Parenting and family',Emmiganūr,India
00105,Edna Kimbrough,Female,1967-02-01,"'Parenting and family', 'Gardening', 'History', 'Technology'",Enfield Town,United Kingdom
00106,John Watts,Female,1996-07-04,"'History', 'Finance and investments', 'Travel', 'Beauty'",Georgetown,Guyana
00107,Lisa Blackwell,Male,1985-12-17,'Science',Romulus,United States
00108,David Pugh,Male,1997-08-27,"'Photography', 'Business and entrepreneurship'",Libeň,Czechia
00109,Austin Smith,Female,1999-03-12,"'Food and dining', 'Travel', 'Pets', 'History'",Hawthorn,Australia
00110,Charles Hughes,Male,1955-04-24,"'Music', 'Sports', 'Books'",Goole,United Kingdom
00111,John Hendrickson,Male,1991-08-12,"'Fitness', 'Sports', 'Parenting and family'",Palm Valley,United States
00112,Edwin Frantz,Male,1961-01-26,"'Social causes and activism', 'Music'",Calama,Chile
00113,Michael Paquette,Female,1983-10-19,"'Beauty', 'Photography', 'Music'",Aonla,India
00114,Barry Small,Male,1984-10-25,"'Fitness', 'Sports', 'Outdoor activities', 'Nature'",Körfez,Turkey
00115,Ana Moore,Female,1979-08-16,'Food and dining',Thohoyandou,South Africa
00116,Karen Draper,Female,1981-01-02,"'Fitness', 'Travel', 'Finance and investments', 'Social causes and activism'",Kot Radha Kishan,Pakistan
00117,Shelby Barnes,Male,1986-03-18,"'Science', 'Politics', 'Politics'",Greenwood,United States
00118,John Tackett,Female,1989-12-09,'Health and wellness',Arnold,United States
00119,Rhonda Adam,Female,1965-06-05,"'Pets', 'Parenting and family', 'Nature'",Cedar Park,United States
00120,Charles Garrett,Male,1987-01-12,"'Travel', 'Nature', 'DIY and crafts'",Jalālābād,India
00121,Dawn Diaz,Male,1988-12-05,"'Politics', 'Fashion', 'Beauty', 'Movies', 'Cars and automobiles'",Al Hārithah,Iraq
00122,Lela Burns,Male,1963-09-12,"'Science', 'Beauty', 'Beauty', 'Pets', 'Cars and automobiles'",Acaraú,Brazil
00123,Charles Murillo,Male,1954-03-18,"'Nature', 'Beauty', 'Sports'",Flagstaff,United States
00124,Bonnie Labree,Male,1980-04-18,"'Health and wellness', 'Politics', 'Travel', 'Pets', 'Finance and investments'",Hannan,Japan
00125,Trinidad Eastman,Female,1960-11-20,"'Outdoor activities', 'Finance and investments'",Bafoussam,Cameroon
00126,Angelica Walker,Female,1987-03-21,'Fashion',Huaibei,China
00127,Charles Martin,Female,1961-07-06,'History',Formby,United Kingdom
00128,Terry Herald,Male,1973-12-25,"'Cooking', 'Science', 'Movies'",Amsterdam-Zuidoost,Netherlands
00129,Lilian Davis,Female,1958-09-29,'Pets',Puchheim,Germany
00130,Benjamin Stewart,Male,1964-11-19,"'Sports', 'Fashion', 'Fashion', 'Health and wellness'",Newmarket,United Kingdom
00131,Manuel Amato,Male,1961-12-20,"'Technology', 'Science', 'Outdoor activities', 'Music', 'Social causes and activism'",Chistopol’,Russia
00132,William Ashford,Male,2000-02-02,"'Fashion', 'Books', 'Travel', 'Movies'",Diepsloot,South Africa
00133,Felix Davis,Female,1978-01-04,"'Nature', 'Books', 'Fashion'",Bogor,Indonesia
00134,Maggie Jess,Male,1992-01-26,"'DIY and crafts', 'Photography', 'Sports'",Hyesan,North Korea
00135,Dorothy Dominguez,Male,1992-11-08,'Education and learning',Ridgewood,United States
00136,Anthony Bell,Male,1986-07-20,"'Technology', 'Cooking', 'Nature'",Gouda,Netherlands
00137,Robert Douglas,Female,1974-12-09,"'Travel', 'Cooking', 'Art', 'Pets', 'Parenting and family'",Jimeta,Nigeria
00138,Ivan Mcnelis,Male,1954-08-29,"'Food and dining', 'Sports', 'Parenting and family'",Vienne,France
00139,April Thomas,Male,1991-08-29,"'Fitness', 'Photography'",Santo Domingo de los Colorados,Ecuador
00140,Amy Baker,Male,1970-05-08,'Education and learning',Kamen’-na-Obi,Russia
00141,Curt Anderson,Male,1958-05-03,'Travel',Provo,United States
00142,Kevin Dempsey,Male,1958-12-04,"'Health and wellness', 'Fitness'",Villiers-sur-Marne,France
00143,Emilia Hermanson,Male,1978-10-10,'Photography',Nordhorn,Germany
00144,Billie Esser,Male,1967-10-22,"'Parenting and family', 'Music'",Miandrarivo,Madagascar
00145,Ronald Stello,Female,1976-01-11,"'Business and entrepreneurship', 'Finance and investments', 'Business and entrepreneurship', 'Art'",Kankauli,India
00146,James Ortiz,Female,1958-07-03,'Cooking',Qualiano,Italy
00147,Gerardo Moran,Female,1975-07-15,"'Politics', 'Books', 'Sports', 'Education and learning', 'Food and dining'",Gharo,Pakistan
00148,Bryon Martin,Male,1999-11-09,'History',North Augusta,United States
00149,Randolph Villani,Male,2001-12-17,"'History', 'Finance and investments', 'Nature', 'DIY and crafts', 'Cars and automobiles'",Crépy-en-Valois,France
00150,Lee Patterson,Male,1987-01-08,'DIY and crafts',Tríkala,Greece
00151,Julia Corso,Female,1962-11-08,"'Fashion', 'Gaming', 'Politics'",Vršac,Serbia
00152,Ray Dudley,Female,1992-08-07,"'Fashion', 'Food and dining'",Pinamungahan,Philippines
00153,Lenora Woo,Male,1991-10-09,"'Fashion', 'Fitness', 'Nature'",Ambatofinandrahana,Madagascar
00154,Benjamin Smith,Female,1982-01-23,"'Nature', 'Music', 'Nature', 'Cooking'",Shāhāda,India
00155,Elnora Douglas,Female,1967-07-21,'Health and wellness',Shibirghān,Afghanistan
00156,Patricia Jackson,Female,1989-12-07,"'Travel', 'Parenting and family', 'Music', 'Science'",Ruidian,China
00157,Esther Bradley,Male,2000-11-07,'Pets',Budapest XVI. kerület,Hungary
00158,Thomas Driscoll,Female,1981-09-21,"'Fitness', 'Books', 'Parenting and family', 'Technology', 'Fashion'",Chiplūn,India
00159,Evelyn Reeves,Male,1961-03-28,'Finance and investments',Bray,Ireland
00160,Salina Day,Male,1966-04-25,"'History', 'Movies', 'Education and learning', 'Fashion'",Al Khafjī,Saudi Arabia
00161,Larry Rogers,Male,1959-05-28,"'Fashion', 'Sports', 'Music', 'History'",Kumanovo,North Macedonia
00162,Kevin Washington,Male,1955-06-27,"'Parenting and family', 'Food and dining', 'Beauty', 'Parenting and family'",Ilaro,Nigeria
00163,Marjorie Leatherwood,Female,1965-10-15,"'Social causes and activism', 'Beauty', 'Outdoor activities'",Norden,Germany
00164,Linsey Gannon,Female,1958-07-06,"'Parenting and family', 'Movies', 'Nature', 'Cooking', 'History'",Datong,China
00165,Teresa Johnson,Female,1964-11-13,"'Outdoor activities', 'Cars and automobiles', 'Travel'",Madang,Papua New Guinea
00166,Isaac Jackson,Male,1971-09-26,'Movies',Jinan-gun,South Korea
00167,Virginia Curtis,Female,2002-06-06,'Travel',Lüdinghausen,Germany
00168,Jacob Wright,Male,1984-08-29,"'Nature', 'DIY and crafts', 'Social causes and activism', 'Photography'",Bibir Hat,Bangladesh
00169,Edward Miller,Male,1968-05-17,"'Cars and automobiles', 'Travel', 'Fitness', 'Pets'",Neftekamsk,Russia
00170,Arthur Nace,Male,1970-02-03,"'Fitness', 'Beauty', 'Fitness'",Leshan,China
00171,Victoria Duncan,Female,1995-04-12,"'Science', 'Business and entrepreneurship', 'Photography'",Ryde,Australia
00172,Ruth Blackman,Male,1993-09-29,"'Outdoor activities', 'Food and dining', 'Cooking'",Wau,South Sudan
00173,Robert Murray,Female,1958-04-20,"'Beauty', 'Travel', 'Photography'",Vapi,India
00174,Maxine Meza,Male,1959-07-16,"'Gardening', 'DIY and crafts', 'Fitness'",Arcelia,Mexico
00175,Joanne Perritt,Male,1973-02-20,"'Cars and automobiles', 'Cooking', 'History'",Kenema,Sierra Leone
00176,Regina Washington,Male,1985-03-30,'Sports',Vadigenhalli,India
00177,Bessie Freeman,Female,1958-09-20,"'Science', 'Food and dining', 'Gaming', 'Finance and investments'",Cataguases,Brazil
00178,Kristy Spindler,Female,1958-09-26,'Cooking',Epsom,New Zealand
00179,Judy Hosler,Female,1962-01-24,'History',Tire,Turkey
00180,Anna Woloszyn,Male,1978-06-04,"'Outdoor activities', 'Politics', 'Food and dining', 'Nature', 'Fitness'",Kahului,United States
00181,Heather Lewis,Male,2000-01-11,"'Cars and automobiles', 'Politics', 'Cars and automobiles', 'Business and entrepreneurship'",Peddāpuram,India
00182,Andrea Guererro,Male,1997-02-26,"'Fashion', 'Social causes and activism', 'Nature', 'Gardening', 'Technology'",Fusagasugá,Colombia
00183,Mia Bickers,Female,1966-06-09,'Finance and investments',Balaka,Malawi
00184,Henry Parkman,Male,1979-05-02,"'Music', 'Cars and automobiles'",Waregem,Belgium
00185,Mary Willis,Female,1998-07-13,"'Fashion', 'Photography', 'Science', 'Politics'",Chintāmani,India
00186,Christopher Fowler,Female,1965-06-23,"'Beauty', 'Gaming'",Parbhani,India
00187,Thomas Jacobs,Female,1975-02-03,"'Books', 'History'",Boiarka,Ukraine
00188,Sean Colemen,Female,1984-11-01,"'Business and entrepreneurship', 'Cars and automobiles', 'Cooking'",Lubliniec,Poland
00189,Theresa Samaniego,Male,1954-06-14,"'Fitness', 'Pets', 'Technology', 'Cars and automobiles', 'Outdoor activities'",Clichy,France
00190,Adam Box,Female,1990-08-26,"'Music', 'Cooking'",Rogers Park,United States
00191,Marlene Rodgers,Female,1992-01-08,"'Business and entrepreneurship', 'Nature', 'Travel'",Haiyang,China
00192,Valerie Woock,Female,1995-12-02,"'Art', 'Movies', 'Technology', 'DIY and crafts'",Lidingö,Sweden
00193,Eva Payne,Male,1963-05-05,"'Travel', 'Nature'",South Hayling,United Kingdom
00194,Lawrence Doney,Female,1966-07-14,'Gardening',Dhanbad,India
00195,Joseph Heninger,Female,2000-12-13,"'Travel', 'Outdoor activities', 'Fitness', 'Food and dining', 'Education and learning'",Rossendale,United Kingdom
00196,Wayne Williams,Male,1990-01-16,"'Fashion', 'History', 'Gaming', 'Books', 'Photography'",Estrela,Brazil
00197,Martha Dorsey,Male,1982-03-04,"'Fitness', 'Books', 'Pets', 'Fitness'",Guanhães,Brazil
00198,Kelly Gearhart,Male,1985-04-12,"'Sports', 'Cars and automobiles', 'Beauty', 'Business and entrepreneurship', 'Gardening'",Selogiri,Indonesia
00199,Warren Felder,Female,1975-12-07,"'Beauty', 'Sports', 'Parenting and family'",Helmstedt,Germany
00200,Robert Cole,Male,1990-06-09,"'Outdoor activities', 'Technology', 'DIY and crafts'",Shivaji Nagar,India
00201,Edmund Raney,Male,1955-01-18,"'Technology', 'Politics'",Erdaojiang,China
00202,Maureen Acuna,Female,1984-01-05,"'Fitness', 'Nature', 'Photography'",Yunmen,China
00203,David Muzzey,Male,1993-11-10,"'Science', 'Parenting and family', 'Gaming'",Jampur,Pakistan
00204,Rodney Mccall,Male,1977-12-03,'Cars and automobiles',Fukuchiyama,Japan
00205,Sherry Settles,Male,1995-11-15,"'Finance and investments', 'Outdoor activities', 'Cars and automobiles', 'Health and wellness'",Huanan,China
00206,Irene Mull,Female,1981-05-31,"'Food and dining', 'Beauty', 'History', 'Politics'",Breaza,Romania
00207,Julie Allen,Female,1988-04-24,"'Technology', 'Health and wellness', 'Gaming', 'Social causes and activism'",Greater Upper Marlboro,United States
00208,Eddie Cutler,Male,1956-12-22,'Parenting and family',Cardito,Italy
00209,Mark Latta,Male,1994-09-17,"'Cooking', 'Pets', 'Music', 'History', 'DIY and crafts'",Kunda,India
00210,Esther Bantz,Male,1999-10-25,"'Education and learning', 'Outdoor activities', 'Business and entrepreneurship', 'Business and entrepreneurship'",Karaçoban,Turkey
00211,Eric Barrera,Female,1965-12-17,'Cars and automobiles',Villeneuve-d'Ascq,France
00212,Timothy Florens,Male,1958-04-16,"'History', 'Science'",Telford,United Kingdom
00213,Martha Isham,Male,1983-03-10,"'Pets', 'Photography', 'Fashion', 'Music', 'Education and learning'",Linjiang,China
00214,Elliott Alvarado,Male,1966-09-21,'Gardening',Alot,India
00215,Jonathan Scott,Male,1994-07-03,"'Fashion', 'Health and wellness'",Ciampea,Indonesia
00216,Anthony Maki,Male,1978-04-27,"'Parenting and family', 'Sports'",Gümüşhane,Turkey
00217,Janice Warner,Female,1954-03-20,"'Business and entrepreneurship', 'Sports', 'Finance and investments'",Miguel Alemán (La Doce),Mexico
00218,James Gordillo,Female,1999-08-26,"'Art', 'Social causes and activism', 'Movies', 'Cooking'",Saint-Ouen-l'Aumône,France
00219,Bernard Beck,Male,1954-06-02,"'Technology', 'Art', 'Science'",Magarao,Philippines
00220,Felix Shirley,Female,1962-01-22,"'Fashion', 'Social causes and activism'",Athlone,Ireland
00221,Linda Thurlow,Male,1982-11-20,"'Fitness', 'Fitness', 'Art', 'Fitness'",Camborne,United Kingdom
00222,Willie Gee,Female,1995-09-10,"'Nature', 'DIY and crafts', 'Art', 'Food and dining', 'Finance and investments'",Nārāyanpet,India
00223,John Titus,Male,1992-03-14,"'Sports', 'History', 'DIY and crafts', 'Parenting and family'",Coronel Suárez,Argentina
00224,Terrance Keith,Female,1966-08-30,'Parenting and family',Juiz de Fora,Brazil
00225,Shirley Williams,Female,1954-08-24,"'Science', 'Beauty', 'Outdoor activities'",Ujiie,Japan
00226,Peter Dahlke,Female,1962-06-24,'Cars and automobiles',Shāhpur,India
00227,Anthony Smith,Male,1972-09-30,'Health and wellness',Divichibazar,Azerbaijan
00228,Jaime Sommers,Male,1976-06-14,'Travel',Hachimantai,Japan
00229,Karen Andrews,Male,1981-08-04,"'Gardening', 'Fashion', 'Nature', 'DIY and crafts', 'Business and entrepreneurship'",Shājāpur,India
00230,Debbie Valencia,Female,1961-05-11,"'Gaming', 'Business and entrepreneurship', 'Beauty', 'Fitness'",Gerona,Philippines
00231,Ben Bowser,Female,1983-11-15,'Gardening',Chaumont,France
00232,Donna Powell,Male,2002-08-24,"'Technology', 'Health and wellness', 'Nature'",Mo i Rana,Norway
00233,Justin Fuqua,Female,1995-04-11,"'Movies', 'Education and learning'",Braunschweig,Germany
00234,Elsie Stephens,Female,1977-09-30,"'Fashion', 'Nature', 'Books', 'Movies', 'DIY and crafts'",Duliāgaon,India
00235,Christopher Finch,Male,1989-02-18,"'Travel', 'Social causes and activism', 'Parenting and family', 'Education and learning'",Marcq-en-Barœul,France
00236,Eugene Heck,Female,1996-08-30,"'Gaming', 'Nature'",Arden-Arcade,United States
00237,Terry Mcphail,Male,1978-08-06,'Fashion',Fordon,Poland
00238,Aaron Delgado,Male,1964-05-10,'Photography',Xiaoshi,China
00239,Donald Johnson,Female,2004-01-25,"'Gaming', 'Education and learning'",Khabarovsk Vtoroy,Russia
00240,Sara Rodriguez,Male,1962-05-01,"'Photography', 'DIY and crafts'",Kingswinford,United Kingdom
00241,Lianne Battle,Male,1963-12-05,"'Technology', 'Business and entrepreneurship', 'Books', 'Music'",Kotri,Pakistan
00242,Kevin Wirtz,Male,2002-07-11,"'Finance and investments', 'Beauty', 'Movies', 'Photography', 'DIY and crafts'",Ermesinde,Portugal
00243,Crystal White,Female,1988-04-21,"'Outdoor activities', 'Parenting and family', 'Food and dining', 'Parenting and family'",Pilibangan,India
00244,John Turner,Female,1998-08-23,'Travel',Yamaga,Japan
00245,Jim Erling,Female,1960-11-16,"'Pets', 'Fashion', 'Parenting and family', 'Social causes and activism', 'Business and entrepreneurship'",Fukayachō,Japan
00246,David Howell,Female,1970-10-30,"'Music', 'Travel', 'Parenting and family', 'Gardening', 'Business and entrepreneurship'",Felanitx,Spain
00247,Scott Fusco,Female,1968-04-07,'Sports',Tungi,Bangladesh
00248,Samuel Lewis,Male,1972-08-25,'Health and wellness',Cockburn Town,Turks and Caicos Islands
00249,Ralph Holder,Female,1987-03-24,'Gaming',Vallabh Vidyanagar,India
00250,Napoleon Vega,Female,2002-01-03,'Sports',Uki,Japan
00251,Louis Skinner,Female,1956-06-04,"'Movies', 'Books', 'Business and entrepreneurship', 'Finance and investments'",Holloway,United Kingdom
00252,Lonnie Hartman,Male,1985-08-25,'Cooking',Pontedera,Italy
00253,Cassandra Pepin,Male,1991-09-08,"'Food and dining', 'Photography'",Barcelona,Spain
00254,Marsha Grollimund,Male,1963-06-15,'Finance and investments',Ōme,Japan
00255,Kenneth Waddell,Female,1965-01-24,"'Photography', 'Business and entrepreneurship', 'Cars and automobiles', 'Gaming', 'Books'",North Charleston,United States
00256,Julie Martinez,Male,2000-07-17,'Beauty',Lido di Ostia,Italy
00257,Ty Scott,Male,1975-09-19,"'Business and entrepreneurship', 'Travel', 'Parenting and family', 'Business and entrepreneurship'",Jaguariaíva,Brazil
00258,Michael Griffies,Female,1989-05-21,"'Sports', 'History', 'Science'",Mogoditshane,Botswana
00259,Patricia Strickland,Female,1970-06-05,"'Books', 'Science'",Potters Bar,United Kingdom
00260,David Lewis,Female,1954-02-27,'DIY and crafts',Jalolquduq,Uzbekistan
00261,Randall Grant,Female,1981-01-17,"'Travel', 'Cars and automobiles', 'Photography', 'Movies', 'Music'",Zamora,Mexico
00262,Gina Kitanik,Male,1960-09-06,"'Nature', 'Pets', 'Cooking'",Mazār-e Sharīf,Afghanistan
00263,Philip Fernandez,Female,1954-12-02,'Gardening',Fulwood,United Kingdom
00264,Velma Perry,Male,1972-03-23,"'Cars and automobiles', 'Beauty', 'Photography'",Scarborough,Trinidad and Tobago
00265,Lester Reid,Male,1988-04-25,'Art',El Dorado,United States
00266,Reginald Metz,Female,1999-08-27,"'Cars and automobiles', 'Fitness', 'Technology', 'Gardening'",Ballwin,United States
00267,Jeffrey Beltran,Male,1980-10-13,"'Outdoor activities', 'Parenting and family', 'Books'",Caupolicán,Chile
00268,Ruth Lachley,Female,1981-11-22,"'Cooking', 'Finance and investments'",Rama,Nicaragua
00269,John Doughty,Male,1970-03-02,"'Travel', 'Fitness', 'History', 'Fashion'",Losheim,Germany
00270,Brenda Arellano,Male,1966-03-17,"'Movies', 'Finance and investments', 'Music', 'Sports'",Baliuag,Philippines
00271,Arthur Spangler,Male,1991-06-24,'Fashion',Maying,China
00272,Donald Dickey,Female,1966-12-05,"'Technology', 'Health and wellness', 'Technology', 'Cars and automobiles', 'Movies'",Makhachkala,Russia
00273,Weldon Jimenez,Female,1979-08-10,"'Books', 'History'",Qilian,China
00274,Carl Parker,Male,1989-04-04,"'Social causes and activism', 'Movies', 'Music', 'Business and entrepreneurship', 'Movies'",Timashyovsk,Russia
00275,Allison Seales,Female,1955-05-30,"'Outdoor activities', 'Beauty', 'Social causes and activism'",Kazan,Turkey
00276,Maryellen Berg,Female,1960-11-19,"'Technology', 'Fitness', 'Parenting and family'",Sunzha,Russia
00277,Collin Escudero,Male,1996-08-19,"'Outdoor activities', 'Gardening'",Ciudad de Armería,Mexico
00278,Robert Robinson,Female,1983-10-26,"'Gardening', 'Beauty'",Dhaka,Bangladesh
00279,Justin Cotton,Female,1972-12-01,"'Health and wellness', 'Fitness'",Ōita,Japan
00280,Gabriel Hernandez,Male,2000-06-30,"'Health and wellness', 'Travel', 'Social causes and activism', 'DIY and crafts'",Sofifi,Indonesia
00281,George Martinez,Female,1971-06-06,"'Photography', 'Cars and automobiles', 'Education and learning', 'Gardening', 'Technology'",Isparta,Turkey
00282,Dale Totten,Female,1971-08-13,"'Parenting and family', 'Business and entrepreneurship'",Salto de Pirapora,Brazil
00283,Lee Noh,Female,1983-03-02,'Education and learning',Toyohama,Japan
00284,Joey Presley,Male,1959-07-13,'Movies',Zürich (Kreis 8),Switzerland
00285,Harold Pannenbacker,Male,1954-12-24,"'Finance and investments', 'Food and dining', 'Cars and automobiles'",Jinchang,China
00286,Roger Delarosa,Female,1979-06-11,"'Sports', 'Gardening'",Willich,Germany
00287,Lawrence Spooner,Female,1977-04-30,'Outdoor activities',Chemnitz,Germany
00288,Jack Vandiver,Female,1985-07-18,"'Health and wellness', 'Food and dining', 'Sports'",Santiago Momoxpan,Mexico
00289,Mary Miller,Male,1972-10-17,"'History', 'Politics'",Santiago Tuxtla,Mexico
00290,Grace Warren,Male,1976-11-26,"'Photography', 'Music', 'History', 'Social causes and activism', 'Art'",Velasco Ibarra,Ecuador
00291,Brett Fishback,Male,1959-10-30,'Business and entrepreneurship',Mococa,Brazil
00292,James Adcock,Male,1988-04-27,"'Technology', 'Gardening', 'Education and learning'",Boyle Heights,United States
00293,Sarah Maciel,Male,1955-09-18,'Music',Trstenik,Serbia
00294,Robert Stone,Female,1964-11-05,"'Art', 'DIY and crafts', 'Fashion', 'Gaming', 'Finance and investments'",East End-Danforth,Canada
00295,Stephen Bonavia,Male,1960-05-27,"'Beauty', 'Outdoor activities', 'Fashion', 'Outdoor activities', 'History'",Tomé,Chile
00296,Nancy Kelly,Male,1977-11-10,"'Politics', 'Health and wellness', 'Finance and investments'",Yŏnggwang-ŭp,North Korea
00297,Charles Hughes,Male,2000-04-09,"'Finance and investments', 'Sports'",Villa Santa Rita,Argentina
00298,Carole Soileau,Female,1984-07-17,"'DIY and crafts', 'Travel', 'Books'",Cicurug,Indonesia
00299,Ronald Mcnealy,Male,1966-07-21,"'Photography', 'DIY and crafts', 'Sports', 'Beauty', 'Movies'",East Concord,United States
00300,Janis Robertson,Female,1996-06-10,'Parenting and family',Viersen,Germany